{"Episode Reward": 49.0, "_timestamp": 1688453429.665083, "_runtime": 8.92279601097107, "_step": 43, "_wandb": {"runtime": 8}}