{"Episode Reward": -393.0353899255703, "_timestamp": 1688165031.205195, "_runtime": 44.18401503562927, "_step": 127, "_wandb": {"runtime": 43}}