{"Episode Reward": -237.77130018176314, "_timestamp": 1688171780.888874, "_runtime": 46.68448209762573, "_step": 127, "_wandb": {"runtime": 46}}