{"Episode Reward": -17.171704704438582, "_timestamp": 1688170108.095786, "_runtime": 0.9400501251220703, "_step": 0, "_wandb": {"runtime": 0}}