{"Episode Reward": -180.83837317838893, "_timestamp": 1688181049.441211, "_runtime": 28.225630044937134, "_step": 63, "_wandb": {"runtime": 27}}