{"Episode Reward": -389.43292510665, "_timestamp": 1687999240.619664, "_runtime": 1.1813130378723145, "_step": 0, "_wandb": {"runtime": 0}}