{"Episode Reward": -103.8098619096924, "_timestamp": 1687999808.754976, "_runtime": 41.83652114868164, "_step": 127, "_wandb": {"runtime": 41}}