{"Episode Reward": -248.4984686493792, "_timestamp": 1688172562.989763, "_runtime": 3.465801954269409, "_step": 7, "_wandb": {"runtime": 2}}