{"Episode Reward": -105.31938283611957, "_timestamp": 1687996665.134696, "_runtime": 0.9492669105529785, "_step": 0, "_wandb": {"runtime": 0}}