{"global_step": 99, "_timestamp": 1687746451.21748, "test loss": 198.0, "_runtime": 0.781898021697998, "_step": 99, "_wandb": {"runtime": 0}}