{"Episode Reward": 13.0, "_timestamp": 1688450690.992089, "_runtime": 34.76996612548828, "_step": 427, "_wandb": {"runtime": 34}}