{"Episode Reward": -276.8370510535512, "_timestamp": 1687995804.171295, "_runtime": 31.24263286590576, "_step": 19, "_wandb": {"runtime": 32}}