{"Episode Reward": -108.54492055603608, "_timestamp": 1688173703.090719, "_runtime": 11.501743078231812, "_step": 4, "_wandb": {"runtime": 11}}