{"Episode Reward": 24.0, "_timestamp": 1688454236.5459032, "_runtime": 47.80629229545593, "_step": 299, "_wandb": {"runtime": 47}}