{"Episode Reward": -162.53858986864364, "_timestamp": 1688170852.5805068, "_runtime": 1.1610538959503174, "_step": 0, "_wandb": {"runtime": 0}}