{"Episode Reward": -196.56294530695556, "_timestamp": 1688449970.7429771, "_runtime": 11.945336103439331, "_step": 4, "_wandb": {"runtime": 11}}