{"Episode Reward": -62.894072400550584, "_timestamp": 1688171149.501444, "_runtime": 1.0456740856170654, "_step": 0, "_wandb": {"runtime": 0}}