{"Episode Reward": 25.0, "_timestamp": 1688452281.1058109, "_runtime": 6.6173179149627686, "_step": 34, "_wandb": {"runtime": 6}}