{"Episode Reward": -198.82966195379052, "_timestamp": 1688175392.376287, "_runtime": 14.625993967056274, "_step": 26, "_wandb": {"runtime": 14}}