{"Episode Reward": -237.35697641210683, "_timestamp": 1688179272.851169, "_runtime": 2.6269562244415283, "_step": 2, "_wandb": {"runtime": 1}}