{"Episode Reward": -123.09389649964038, "_timestamp": 1688172705.511297, "_runtime": 93.51994800567627, "_step": 255, "_wandb": {"runtime": 92}}