{"Episode Reward": -356.99304284815963, "_timestamp": 1688174511.723083, "_runtime": 22.43242597579956, "_step": 9, "_wandb": {"runtime": 21}}