{"Episode Reward": 23.0, "_timestamp": 1688452217.901709, "_runtime": 72.21419906616211, "_step": 399, "_wandb": {"runtime": 71}}