{"Episode Reward": 19.0, "_timestamp": 1688451607.954802, "_runtime": 2.3867270946502686, "_step": 6, "_wandb": {"runtime": 1}}