{"Episode Reward": -87.50485573965523, "_timestamp": 1688173772.159029, "_runtime": 10.883057117462158, "_step": 4, "_wandb": {"runtime": 10}}