{"Episode Reward": 17.0, "_timestamp": 1688177040.009065, "_runtime": 10.001765012741089, "_step": 38, "_wandb": {"runtime": 9}}