{"Episode Reward": -105.60466365366898, "_timestamp": 1688172582.983201, "_runtime": 10.368004083633423, "_step": 26, "_wandb": {"runtime": 10}}