{"Episode Reward": -128.768178805001, "_timestamp": 1688171634.888281, "_runtime": 12.456483125686646, "_step": 31, "_wandb": {"runtime": 11}}