{"Episode Reward": -148.0731710212923, "_timestamp": 1688171402.079377, "_runtime": 1.0184810161590576, "_step": 0, "_wandb": {"runtime": 0}}