{"Episode Reward": 25.0, "_timestamp": 1688453735.885461, "_runtime": 1.1540560722351074, "_step": 5, "learning rate": 0.00025, "_wandb": {"runtime": 0}}