{"Episode Reward": -18.846139659759334, "_timestamp": 1688171458.711537, "_runtime": 11.644961833953857, "_step": 31, "_wandb": {"runtime": 11}}