{"Episode Reward": 38.0, "_timestamp": 1688453662.459411, "_runtime": 1.1953628063201904, "_step": 2, "_wandb": {"runtime": 0}}