{"Episode Reward": -97.25674952458563, "_timestamp": 1687999593.4020128, "_runtime": 8.146439790725708, "_step": 19, "_wandb": {"runtime": 7}}