{"Episode Reward": -61.08562140840449, "_timestamp": 1688168847.342975, "_runtime": 1.5527830123901367, "_step": 0, "_wandb": {"runtime": 0}}