{"Episode Reward": 29.0, "_timestamp": 1688454179.9182131, "_runtime": 0.8728082180023193, "_step": 0, "_wandb": {"runtime": 0}}