{"Episode Reward": -54.185080948873, "_timestamp": 1688179069.621998, "_runtime": 1.7962360382080078, "_step": 1, "_wandb": {"runtime": 1}}