{"global_step": 0, "_timestamp": 1687904336.870836, "_runtime": 0.7463200092315674, "_step": 0, "_wandb": {"runtime": 0}}