{"Episode Reward": -111.35525306773268, "_timestamp": 1688173672.8392918, "_runtime": 12.080773830413818, "_step": 4, "_wandb": {"runtime": 11}}