{"Episode Reward": -362.285618673222, "_timestamp": 1688179658.642038, "_runtime": 45.43699908256531, "_step": 19, "_wandb": {"runtime": 45}}