{"Episode Reward": -293.9274147029862, "_timestamp": 1688171569.964284, "_runtime": 1.0285320281982422, "_step": 0, "_wandb": {"runtime": 0}}