{"Episode Reward": 26.0, "_timestamp": 1688452666.089962, "_runtime": 1.9868009090423584, "_step": 1, "_wandb": {"runtime": 1}}