{"Episode Reward": -345.93459014345126, "_timestamp": 1688171530.455622, "_runtime": 0.8444209098815918, "_step": 0, "_wandb": {"runtime": 0}}