{"Episode Reward": 11.0, "_timestamp": 1688455736.748702, "_runtime": 57.20200514793396, "_step": 299, "_wandb": {"runtime": 56}}