{"Episode Reward": -332.7716313821984, "_timestamp": 1688074193.20682, "_runtime": 4.711527109146118, "_step": 0, "_wandb": {"runtime": 3}}