{"Episode Reward": -85.3510922744515, "_timestamp": 1687999027.89412, "_runtime": 29.64683508872986, "_step": 19, "_wandb": {"runtime": 29}}