{"Episode Reward": 18.0, "_timestamp": 1688452022.3882601, "_runtime": 1.4338152408599854, "_step": 2, "_wandb": {"runtime": 0}}