{"Episode Reward": -204.84886998903124, "_timestamp": 1688164953.564235, "_runtime": 23.93075394630432, "_step": 9, "_wandb": {"runtime": 22}}