{"Episode Reward": -81.98209019894031, "_timestamp": 1688173639.725662, "_runtime": 2.4056100845336914, "_step": 4, "_wandb": {"runtime": 1}}