{"Episode Reward": -360.70220350248246, "_timestamp": 1688179876.203337, "_runtime": 46.23404502868652, "_step": 19, "_wandb": {"runtime": 45}}