{"Episode Reward": -385.289921707987, "_timestamp": 1688178874.245121, "_runtime": 27.663136959075928, "_step": 59, "_wandb": {"runtime": 27}}