{"global_step": 0, "_timestamp": 1687904858.623137, "_runtime": 0.6684238910675049, "_step": 0, "_wandb": {"runtime": 5}}