{"Episode Reward": 11.0, "_timestamp": 1688177099.2822359, "_runtime": 13.25349497795105, "_step": 19, "_wandb": {"runtime": 12}}