{"Episode Reward": 26.0, "_timestamp": 1688453580.697676, "_runtime": 2.4984748363494873, "_step": 9, "_wandb": {"runtime": 2}}