{"Episode Reward": -157.49254531981924, "_timestamp": 1688174353.888812, "_runtime": 23.152852058410645, "_step": 9, "_wandb": {"runtime": 22}}