{"Episode Reward": 17.0, "_timestamp": 1688451816.00979, "_runtime": 78.51700401306152, "_step": 427, "_wandb": {"runtime": 78}}