{"Episode Reward": -205.56851283873445, "_timestamp": 1688171684.031241, "_runtime": 3.614042043685913, "_step": 9, "_wandb": {"runtime": 3}}