{"Episode Reward": -75.88134555237338, "_timestamp": 1688449948.02177, "_runtime": 25.95087504386902, "_step": 63, "_wandb": {"runtime": 25}}