{"Episode Reward": -148.00927311897328, "_timestamp": 1688168037.158792, "_runtime": 5.1992480754852295, "_step": 4, "_wandb": {"runtime": 5}}