{"Episode Reward": -128.98255943296914, "_timestamp": 1688179996.5080068, "_runtime": 52.794554710388184, "_step": 127, "_wandb": {"runtime": 52}}