{"Episode Reward": -72.68910749048683, "_timestamp": 1688171066.6585972, "_runtime": 1.0508651733398438, "_step": 0, "_wandb": {"runtime": 0}}