{"Episode Reward": -64.49324107292317, "_timestamp": 1688175306.318526, "_runtime": 63.611328125, "_step": 127, "_wandb": {"runtime": 63}}