{"Episode Reward": -151.9942919701772, "_timestamp": 1688181111.017225, "_runtime": 28.924437046051025, "_step": 63, "_wandb": {"runtime": 28}}