{"Episode Reward": -352.19346170509516, "_timestamp": 1687996682.050754, "_runtime": 0.8493790626525879, "_step": 0, "_wandb": {"runtime": 0}}