{"Episode Reward": 2.641120381493721, "_timestamp": 1687996717.896684, "_runtime": 0.9850590229034424, "_step": 0, "_wandb": {"runtime": 0}}