{"Episode Reward": 19.0, "_timestamp": 1688177067.3862221, "_runtime": 14.621460199356079, "_step": 19, "_wandb": {"runtime": 14}}