{"Episode Reward": 15.0, "_timestamp": 1688455289.400429, "_runtime": 61.47986102104187, "_step": 299, "_wandb": {"runtime": 61}}