{"Episode Reward": 27.0, "_timestamp": 1688450594.276154, "_runtime": 262.0981910228729, "_step": 427, "_wandb": {"runtime": 261}}