{"Episode Reward": -155.32961984106214, "_timestamp": 1688178257.107564, "_runtime": 186.979425907135, "_step": 431, "_wandb": {"runtime": 186}}