{"global_step": 0, "_timestamp": 1687995254.80316, "_runtime": 0.8356170654296875, "_step": 0, "_wandb": {"runtime": 0}}