{"global_step": 0, "_timestamp": 1687904953.17905, "_runtime": 0.6862599849700928, "_step": 0, "_wandb": {"runtime": 0}}