{"Episode Reward": 13.0, "_timestamp": 1688454688.044814, "_runtime": 48.069353103637695, "_step": 299, "_wandb": {"runtime": 47}}