{"Episode Reward": -178.29685982500595, "_timestamp": 1688174254.996796, "_runtime": 11.045058965682983, "_step": 4, "_wandb": {"runtime": 10}}