{"Episode Reward": 12.0, "_timestamp": 1688452347.98077, "_runtime": 2.060861110687256, "_step": 7, "_wandb": {"runtime": 1}}