{"Episode Reward": -95.99593674584985, "_timestamp": 1688168750.562102, "_runtime": 1.0296630859375, "_step": 0, "_wandb": {"runtime": 0}}