{"Episode Reward": -166.8941981306828, "_timestamp": 1688170090.342996, "_runtime": 1.1147069931030273, "_step": 0, "_wandb": {"runtime": 0}}