{"Episode Reward": -134.8275591153485, "_timestamp": 1688172548.770845, "_runtime": 2.073854923248291, "_step": 3, "_wandb": {"runtime": 1}}