{"Episode Reward": 69.0, "_timestamp": 1688451694.00964, "_runtime": 13.00258207321167, "_step": 63, "_wandb": {"runtime": 12}}