{"Episode Reward": -330.8965026070515, "_timestamp": 1687999625.395617, "_runtime": 7.267129898071289, "_step": 19, "_wandb": {"runtime": 6}}