{"Episode Reward": -136.50788369865006, "_timestamp": 1687999133.8334432, "_runtime": 0.9961292743682861, "_step": 0, "_wandb": {"runtime": 0}}