{"Episode Reward": -53.74832109789415, "_timestamp": 1688168814.9494982, "_runtime": 1.0375161170959473, "_step": 0, "_wandb": {"runtime": 0}}