{"Episode Reward": 15.0, "_timestamp": 1688450774.05037, "_runtime": 25.704202890396118, "_step": 124, "_wandb": {"runtime": 25}}