{"Episode Reward": -176.6037812834386, "_timestamp": 1687999340.621891, "_runtime": 0.9422430992126465, "_step": 0, "_wandb": {"runtime": 0}}