{"Episode Reward": 40.0, "_timestamp": 1688452835.3985338, "_runtime": 1.4329159259796143, "_step": 2, "_wandb": {"runtime": 1}}