{"Episode Reward": -199.80957511730423, "_timestamp": 1688174224.119467, "_runtime": 11.552367925643921, "_step": 4, "_wandb": {"runtime": 11}}