{"Episode Reward": -106.37204665150404, "_timestamp": 1688164893.999378, "_runtime": 5.506269931793213, "_step": 0, "_wandb": {"runtime": 5}}