{"Episode Reward": -138.24172555912557, "_timestamp": 1688179781.303861, "_runtime": 41.17617201805115, "_step": 19, "_wandb": {"runtime": 40}}