{"Episode Reward": -146.05458422685848, "_timestamp": 1688174578.285252, "_runtime": 42.51730298995972, "_step": 17, "_wandb": {"runtime": 42}}