{"Episode Reward": -107.18121118379503, "_timestamp": 1688171589.7877529, "_runtime": 0.8680717945098877, "_step": 0, "_wandb": {"runtime": 0}}