{"Episode Reward": 14.0, "_timestamp": 1688452118.640817, "_runtime": 13.390220880508423, "_step": 63, "_wandb": {"runtime": 11}}