{"Episode Reward": 27.0, "_timestamp": 1688453597.4794161, "_runtime": 0.9388301372528076, "_step": 2, "_wandb": {"runtime": 0}}