{"Episode Reward": 20.0, "_timestamp": 1688450250.0853848, "_runtime": 88.27784180641174, "_step": 127, "_wandb": {"runtime": 87}}