{"Episode Reward": -120.61523259166044, "_timestamp": 1688166323.4686909, "_runtime": 2.8168249130249023, "_step": 4, "_wandb": {"runtime": 2}}