{"Episode Reward": -113.56167800442742, "_timestamp": 1688174124.2497432, "_runtime": 10.679595232009888, "_step": 4, "_wandb": {"runtime": 10}}