{"Episode Reward": -122.10425851777852, "_timestamp": 1688168195.513223, "_runtime": 1.0602989196777344, "_step": 0, "_wandb": {"runtime": 0}}