{"Episode Reward": -107.61750251334908, "_timestamp": 1688179327.568297, "_runtime": 44.43016600608826, "_step": 19, "_wandb": {"runtime": 44}}