{"Episode Reward": -195.20462608703764, "_timestamp": 1688174286.543372, "_runtime": 11.665592908859253, "_step": 4, "_wandb": {"runtime": 11}}