{"global_step": 0, "_timestamp": 1687904545.878953, "_runtime": 0.6823139190673828, "_step": 0, "_wandb": {"runtime": 5}}