{"Episode Reward": -73.4568857843768, "_timestamp": 1688168085.732464, "_runtime": 36.128581047058105, "_step": 31, "_wandb": {"runtime": 36}}