{"Episode Reward": -295.59294042131256, "_timestamp": 1688165482.665405, "_runtime": 128.424880027771, "_step": 127, "_wandb": {"runtime": 128}}