{"Episode Reward": 14.0, "_timestamp": 1688453824.9369411, "_runtime": 43.78731822967529, "_step": 599, "learning rate": 0.00025, "_wandb": {"runtime": 43}}