{"Episode Reward": -52.667824502899784, "_timestamp": 1688171026.8268878, "_runtime": 1.3864598274230957, "_step": 0, "_wandb": {"runtime": 0}}