{"Episode Reward": 35.0, "_timestamp": 1688450066.929155, "_runtime": 5.15863299369812, "_step": 4, "_wandb": {"runtime": 4}}