{"Episode Reward": -170.8834808447728, "_timestamp": 1687999503.033192, "_runtime": 7.600085973739624, "_step": 19, "_wandb": {"runtime": 6}}