{"Episode Reward": 27.0, "_timestamp": 1688177651.5452108, "_runtime": 71.7848117351532, "_step": 431, "_wandb": {"runtime": 71}}