{"Episode Reward": 45.0, "_timestamp": 1688451046.213257, "_runtime": 29.261028051376343, "_step": 92, "_wandb": {"runtime": 28}}