{"Episode Reward": -115.16300400057104, "_timestamp": 1688180962.56939, "_runtime": 55.66958212852478, "_step": 127, "_wandb": {"runtime": 55}}