{"Episode Reward": -61.59606795283829, "_timestamp": 1688449050.746846, "_runtime": 29.065953016281128, "_step": 63, "_wandb": {"runtime": 28}}