{"Episode Reward": 51.0, "_timestamp": 1688450139.759996, "_runtime": 7.614473819732666, "_step": 9, "_wandb": {"runtime": 7}}