{"Episode Reward": -368.9399356155682, "_timestamp": 1688171479.940064, "_runtime": 0.9431319236755371, "_step": 0, "_wandb": {"runtime": 0}}