{"Episode Reward": 42.0, "_timestamp": 1688452315.7654881, "_runtime": 0.8676331043243408, "_step": 0, "_wandb": {"runtime": 0}}