{"Episode Reward": -47.8444848530617, "_timestamp": 1688171519.089925, "_runtime": 0.8957879543304443, "_step": 0, "_wandb": {"runtime": 0}}