{"Episode Reward": -75.87982409401307, "_timestamp": 1688181221.529653, "_runtime": 3.504470109939575, "_step": 5, "_wandb": {"runtime": 3}}