{"Episode Reward": -58.570462143341516, "_timestamp": 1688169892.1658618, "_runtime": 1.05997896194458, "_step": 0, "_wandb": {"runtime": 0}}