{"Episode Reward": -19.899116619825058, "_timestamp": 1688173235.452458, "_runtime": 21.01571798324585, "_step": 60, "_wandb": {"runtime": 20}}