{"Episode Reward": -171.86495156340646, "_timestamp": 1688171507.119391, "_runtime": 1.035634994506836, "_step": 0, "_wandb": {"runtime": 0}}