{"Episode Reward": -410.98893707740154, "_timestamp": 1688449991.8140879, "_runtime": 10.915016889572144, "_step": 4, "_wandb": {"runtime": 10}}