{"Episode Reward": -188.6006008649884, "_timestamp": 1688171896.8996952, "_runtime": 46.85962724685669, "_step": 127, "_wandb": {"runtime": 46}}