{"Episode Reward": -362.7822909647622, "_timestamp": 1688179930.3512058, "_runtime": 19.014498710632324, "_step": 7, "_wandb": {"runtime": 19}}