{"Episode Reward": -104.00413163801394, "_timestamp": 1688172028.393734, "_runtime": 91.38136506080627, "_step": 255, "_wandb": {"runtime": 90}}