{"Episode Reward": -200.56660466697667, "_timestamp": 1688173173.35663, "_runtime": 63.99980401992798, "_step": 168, "_wandb": {"runtime": 63}}