{"Episode Reward": 10.0, "_timestamp": 1688451904.976501, "_runtime": 1.3155829906463623, "_step": 2, "_wandb": {"runtime": 0}}