{"Episode Reward": 11.0, "_timestamp": 1688452507.270793, "_runtime": 5.346435070037842, "_step": 15, "_wandb": {"runtime": 4}}