{"Episode Reward": -226.1753898333611, "_timestamp": 1688167952.490386, "_runtime": 1.061295986175537, "_step": 0, "_wandb": {"runtime": 0}}