{"Episode Reward": 16.0, "_timestamp": 1688177188.460095, "_runtime": 30.005522966384888, "_step": 127, "_wandb": {"runtime": 29}}