{"Episode Reward": 15.0, "_timestamp": 1688455180.780769, "_runtime": 59.34850811958313, "_step": 299, "_wandb": {"runtime": 58}}