{"Episode Reward": -15.402731185679233, "_timestamp": 1688173098.259338, "_runtime": 34.877487897872925, "_step": 93, "_wandb": {"runtime": 34}}