{"Episode Reward": -110.06722168441257, "_timestamp": 1688181365.6403909, "_runtime": 28.138566970825195, "_step": 63, "_wandb": {"runtime": 27}}