{"Episode Reward": -102.20699294420102, "_timestamp": 1688175442.282387, "_runtime": 39.624258041381836, "_step": 81, "_wandb": {"runtime": 38}}