{"Episode Reward": -49.70359735678478, "_timestamp": 1688174657.568691, "_runtime": 65.30302500724792, "_step": 127, "_wandb": {"runtime": 64}}