{"Episode Reward": 25.0, "_timestamp": 1688452779.006936, "_runtime": 1.2374510765075684, "_step": 1, "_wandb": {"runtime": 0}}