{"Episode Reward": 16.0, "_timestamp": 1688453501.572927, "_runtime": 58.33704710006714, "_step": 399, "_wandb": {"runtime": 57}}