{"Episode Reward": -190.38784425797132, "_timestamp": 1688175056.9514198, "_runtime": 66.57553291320801, "_step": 127, "_wandb": {"runtime": 66}}